insert into airport (airport_id, airport_name, country, statee, city, created_at, updated_at) values (1, 'Bancasi Airport', 'China', null, 'Daji', '2024-03-04', '2024-06-16');
insert into airport (airport_id, airport_name, country, statee, city, created_at, updated_at) values (2, 'Trois-Rivières Airport', 'France', 'Basse-Normandie', 'Caen', '2024-02-03', '2024-01-18');
insert into airport (airport_id, airport_name, country, statee, city, created_at, updated_at) values (3, 'Mário Pereira Lopes–São Carlos Airport', 'Peru', null, 'Juli', '2023-10-05', '2024-09-17');
insert into airport (airport_id, airport_name, country, statee, city, created_at, updated_at) values (4, 'Umeå Airport', 'Italy', 'Lazio', 'Roma', '2024-01-28', '2024-03-27');
insert into airport (airport_id, airport_name, country, statee, city, created_at, updated_at) values (5, 'Trujillo Airport', 'Japan', null, 'Sugito', '2024-03-11', '2024-09-01');
insert into airport (airport_id, airport_name, country, statee, city, created_at, updated_at) values (6, 'Treinta y Tres Airport', 'China', null, 'Shuangqiao', '2023-12-02', '2024-04-24');
insert into airport (airport_id, airport_name, country, statee, city, created_at, updated_at) values (7, 'Exeter International Airport', 'Brazil', null, 'Joinville', '2024-04-15', '2023-09-26');
insert into airport (airport_id, airport_name, country, statee, city, created_at, updated_at) values (8, 'Okoyo Airport', 'China', null, 'Lugang', '2024-07-31', '2024-04-05');
insert into airport (airport_id, airport_name, country, statee, city, created_at, updated_at) values (9, 'Yoro Airport', 'Brazil', null, 'Barras', '2024-06-19', '2024-06-26');
insert into airport (airport_id, airport_name, country, statee, city, created_at, updated_at) values (10, 'Honiara International Airport', 'China', null, 'Qianhong', '2024-06-01', '2023-12-02');
insert into airport (airport_id, airport_name, country, statee, city, created_at, updated_at) values (11, 'Arathusa Safari Lodge Airport', 'Czech Republic', null, 'Postřekov', '2024-08-04', '2024-06-05');
insert into airport (airport_id, airport_name, country, statee, city, created_at, updated_at) values (12, 'Wiesbaden Army Airfield', 'Indonesia', null, 'Lasiana', '2023-11-15', '2024-04-10');
insert into airport (airport_id, airport_name, country, statee, city, created_at, updated_at) values (13, 'Shikarpur Airport', 'Tajikistan', null, 'Vahdat', '2023-11-05', '2023-10-04');
insert into airport (airport_id, airport_name, country, statee, city, created_at, updated_at) values (14, 'Maastricht Aachen Airport', 'Philippines', null, 'Limbuhan', '2024-01-14', '2024-04-11');
insert into airport (airport_id, airport_name, country, statee, city, created_at, updated_at) values (15, 'Liangping Airport', 'Brazil', null, 'Itajubá', '2024-01-23', '2024-06-15');
insert into airport (airport_id, airport_name, country, statee, city, created_at, updated_at) values (16, 'Nakuru Airport', 'Indonesia', null, 'Lingsar', '2024-05-25', '2023-10-03');
insert into airport (airport_id, airport_name, country, statee, city, created_at, updated_at) values (17, 'Mulu Airport', 'China', null, 'Longba', '2024-06-03', '2024-03-18');
insert into airport (airport_id, airport_name, country, statee, city, created_at, updated_at) values (18, 'El Dorado Airport', 'Malaysia', 'Sabah', 'Kota Kinabalu', '2024-07-15', '2024-01-27');
insert into airport (airport_id, airport_name, country, statee, city, created_at, updated_at) values (19, 'Murrin Murrin Airport', 'Indonesia', null, 'Karangwaru', '2024-05-23', '2024-09-21');
insert into airport (airport_id, airport_name, country, statee, city, created_at, updated_at) values (20, 'Assab International Airport', 'Bosnia and Herzegovina', null, 'Bileća', '2024-06-04', '2024-06-19');
insert into airport (airport_id, airport_name, country, statee, city, created_at, updated_at) values (21, 'Ben Slimane Airport', 'Czech Republic', null, 'Jince', '2024-06-27', '2024-05-20');
insert into airport (airport_id, airport_name, country, statee, city, created_at, updated_at) values (22, 'Pasni Airport', 'Russia', null, 'Izobil’nyy', '2023-12-16', '2023-12-19');
insert into airport (airport_id, airport_name, country, statee, city, created_at, updated_at) values (23, 'Turukhansk Airport', 'Ecuador', null, 'Latacunga', '2024-03-08', '2024-09-15');
insert into airport (airport_id, airport_name, country, statee, city, created_at, updated_at) values (24, 'Matão Airport', 'Indonesia', null, 'Nangabere', '2024-02-07', '2023-12-31');
insert into airport (airport_id, airport_name, country, statee, city, created_at, updated_at) values (25, 'Sherman Army Air Field', 'Ukraine', null, 'Bolhrad', '2024-09-08', '2023-11-16');
insert into airport (airport_id, airport_name, country, statee, city, created_at, updated_at) values (26, 'Hemavan Airport', 'Ukraine', null, 'Chapayeve', '2024-04-11', '2023-12-03');
insert into airport (airport_id, airport_name, country, statee, city, created_at, updated_at) values (27, 'Tolmachevo Airport', 'China', null, 'Baofeng', '2024-08-28', '2024-09-04');
insert into airport (airport_id, airport_name, country, statee, city, created_at, updated_at) values (28, 'Colorado Creek Airport', 'Iran', null, 'Zehak', '2024-06-03', '2024-02-20');
insert into airport (airport_id, airport_name, country, statee, city, created_at, updated_at) values (29, 'Kazi Nazrul Islam Airport', 'Ireland', null, 'Nenagh', '2024-01-22', '2023-09-28');
insert into airport (airport_id, airport_name, country, statee, city, created_at, updated_at) values (30, 'Buchanan Field', 'China', null, 'Jishu', '2023-10-23', '2024-06-24');
insert into airport (airport_id, airport_name, country, statee, city, created_at, updated_at) values (31, 'Ulusaba Airport', 'Czech Republic', null, 'Jablonné nad Orlicí', '2024-03-10', '2024-05-16');
insert into airport (airport_id, airport_name, country, statee, city, created_at, updated_at) values (32, 'Poum Airport', 'Costa Rica', null, 'Esquipulas', '2024-06-30', '2024-05-17');
insert into airport (airport_id, airport_name, country, statee, city, created_at, updated_at) values (33, 'Yuma MCAS/Yuma International Airport', 'China', null, 'Nanchangshan', '2024-02-19', '2023-10-08');
insert into airport (airport_id, airport_name, country, statee, city, created_at, updated_at) values (34, 'Thorne Bay Seaplane Base', 'Brazil', null, 'Soure', '2023-12-21', '2024-09-08');
insert into airport (airport_id, airport_name, country, statee, city, created_at, updated_at) values (35, 'Mainoru Airstrip', 'Mexico', 'Mexico', 'La Virgen', '2024-06-25', '2024-09-02');
insert into airport (airport_id, airport_name, country, statee, city, created_at, updated_at) values (36, 'Santiago Vila Airport', 'Serbia', null, 'Sakule', '2024-03-18', '2024-02-05');
insert into airport (airport_id, airport_name, country, statee, city, created_at, updated_at) values (37, 'Orlando International Airport', 'Mongolia', null, 'Delgerhaan', '2024-04-04', '2024-03-06');
insert into airport (airport_id, airport_name, country, statee, city, created_at, updated_at) values (38, 'Wrigley Airport', 'Honduras', null, 'Salamá', '2024-04-02', '2024-03-19');
insert into airport (airport_id, airport_name, country, statee, city, created_at, updated_at) values (39, 'Cangamba Airport', 'Japan', null, 'Hannō', '2023-10-21', '2024-07-02');
insert into airport (airport_id, airport_name, country, statee, city, created_at, updated_at) values (40, 'Tumbang Samba Airport', 'Bulgaria', null, 'Veliko Tŭrnovo', '2024-01-11', '2024-07-20');
insert into airport (airport_id, airport_name, country, statee, city, created_at, updated_at) values (41, 'Asau Airport', 'Sweden', 'Västra Götaland', 'Angered', '2024-03-22', '2024-09-20');
insert into airport (airport_id, airport_name, country, statee, city, created_at, updated_at) values (42, 'Dajarra Airport', 'Morocco', null, 'Taroudant', '2024-07-08', '2023-10-13');
insert into airport (airport_id, airport_name, country, statee, city, created_at, updated_at) values (43, 'Nova Vida Airport', 'Poland', null, 'Reszel', '2023-10-01', '2023-10-27');
insert into airport (airport_id, airport_name, country, statee, city, created_at, updated_at) values (44, 'Denison Municipal Airport', 'Sweden', 'Uppsala', 'Uppsala', '2024-05-17', '2024-01-10');
insert into airport (airport_id, airport_name, country, statee, city, created_at, updated_at) values (45, 'May Creek Airport', 'Philippines', null, 'Mabay', '2024-08-18', '2024-06-11');
insert into airport (airport_id, airport_name, country, statee, city, created_at, updated_at) values (46, 'West Angelas Airport', 'Greece', null, 'Lianovérgi', '2024-05-11', '2024-06-28');
insert into airport (airport_id, airport_name, country, statee, city, created_at, updated_at) values (47, 'Polk Army Air Field', 'Afghanistan', null, 'Pul-e Sangī', '2024-03-28', '2024-01-04');
insert into airport (airport_id, airport_name, country, statee, city, created_at, updated_at) values (48, 'Sierra Blanca Regional Airport', 'Ethiopia', null, 'Bahir Dar', '2024-01-10', '2024-02-02');
insert into airport (airport_id, airport_name, country, statee, city, created_at, updated_at) values (49, 'Dayong Airport', 'China', null, 'Baisha', '2024-03-17', '2024-05-23');
insert into airport (airport_id, airport_name, country, statee, city, created_at, updated_at) values (50, 'El Obeid Airport', 'China', null, 'Xucheng', '2023-11-13', '2024-09-22');
insert into airport (airport_id, airport_name, country, statee, city, created_at, updated_at) values (51, 'Kentland Municipal Airport', 'China', null, 'Xiangshui', '2024-04-19', '2023-12-25');
insert into airport (airport_id, airport_name, country, statee, city, created_at, updated_at) values (52, 'Collie Airport', 'China', null, 'Yuanyang', '2023-10-16', '2023-11-11');
insert into airport (airport_id, airport_name, country, statee, city, created_at, updated_at) values (53, 'Albert Lea Municipal Airport', 'Pakistan', null, 'Jamshoro', '2024-09-04', '2024-06-09');
insert into airport (airport_id, airport_name, country, statee, city, created_at, updated_at) values (54, 'Diavik Airport', 'Argentina', null, 'Mainque', '2024-07-24', '2024-08-16');
insert into airport (airport_id, airport_name, country, statee, city, created_at, updated_at) values (55, 'Squamish Airport', 'Philippines', null, 'Santa Rita', '2024-03-13', '2024-08-13');
insert into airport (airport_id, airport_name, country, statee, city, created_at, updated_at) values (56, 'Raivavae Airport', 'Argentina', null, 'Bella Vista', '2024-09-05', '2024-07-13');
insert into airport (airport_id, airport_name, country, statee, city, created_at, updated_at) values (57, 'Long Pasia Airport', 'Poland', null, 'Brzeźnica', '2024-08-14', '2024-05-28');
insert into airport (airport_id, airport_name, country, statee, city, created_at, updated_at) values (58, 'Brunswick Golden Isles Airport', 'Portugal', 'Lisboa', 'Bom Sucesso', '2023-12-02', '2024-05-06');
insert into airport (airport_id, airport_name, country, statee, city, created_at, updated_at) values (59, 'Dibrugarh Airport', 'China', null, 'Hanjiashu', '2023-12-22', '2024-05-22');
insert into airport (airport_id, airport_name, country, statee, city, created_at, updated_at) values (60, 'Adampur Airport', 'Zambia', null, 'Kalabo', '2024-02-29', '2024-04-03');
insert into airport (airport_id, airport_name, country, statee, city, created_at, updated_at) values (61, 'Groton New London Airport', 'Indonesia', null, 'Hobonio', '2024-06-09', '2024-03-29');
insert into airport (airport_id, airport_name, country, statee, city, created_at, updated_at) values (62, 'Omar N Bradley Airport', 'United States', 'Texas', 'Fort Worth', '2024-05-13', '2024-01-22');
insert into airport (airport_id, airport_name, country, statee, city, created_at, updated_at) values (63, 'Fria Airport', 'Costa Rica', null, 'Mercedes', '2023-10-22', '2024-08-18');
insert into airport (airport_id, airport_name, country, statee, city, created_at, updated_at) values (64, 'Vincent Fayks Airport', 'Poland', null, 'Płock', '2023-12-11', '2023-11-13');
insert into airport (airport_id, airport_name, country, statee, city, created_at, updated_at) values (65, 'Kastelorizo Airport', 'Germany', 'Berlin', 'Berlin', '2024-03-14', '2024-09-23');
insert into airport (airport_id, airport_name, country, statee, city, created_at, updated_at) values (66, 'Corixá Airport', 'Aruba', null, 'Oranjestad', '2024-03-18', '2024-05-18');
insert into airport (airport_id, airport_name, country, statee, city, created_at, updated_at) values (67, 'Overberg Airport', 'Poland', null, 'Miasteczko Śląskie', '2024-05-28', '2023-11-06');
insert into airport (airport_id, airport_name, country, statee, city, created_at, updated_at) values (68, 'Yecheon Airbase', 'Indonesia', null, 'Bancak Wetan', '2024-03-13', '2024-02-09');
insert into airport (airport_id, airport_name, country, statee, city, created_at, updated_at) values (69, 'Volk Field', 'Philippines', null, 'Baculongan', '2024-08-19', '2023-11-29');
insert into airport (airport_id, airport_name, country, statee, city, created_at, updated_at) values (70, 'Dumpu Airport', 'Somalia', null, 'Xarardheere', '2024-04-20', '2024-03-28');
insert into airport (airport_id, airport_name, country, statee, city, created_at, updated_at) values (71, 'Pomala Airport', 'Peru', null, 'Pilcomay', '2023-11-02', '2023-11-04');
insert into airport (airport_id, airport_name, country, statee, city, created_at, updated_at) values (72, 'Bemidji Regional Airport', 'Vietnam', null, 'Nhơn Trạch', '2024-01-24', '2024-06-20');
insert into airport (airport_id, airport_name, country, statee, city, created_at, updated_at) values (73, 'Tandag Airport', 'Indonesia', null, 'Mayong', '2024-04-02', '2024-09-19');
insert into airport (airport_id, airport_name, country, statee, city, created_at, updated_at) values (74, 'City of Colorado Springs Municipal Airport', 'Czech Republic', null, 'Nymburk', '2024-08-14', '2024-01-08');
insert into airport (airport_id, airport_name, country, statee, city, created_at, updated_at) values (75, 'Bijie Feixiong Airport', 'Serbia', null, 'Donji Dobrić', '2023-10-27', '2024-04-05');
insert into airport (airport_id, airport_name, country, statee, city, created_at, updated_at) values (76, 'Port Augusta Airport', 'Russia', null, 'Polevskoy', '2024-02-23', '2024-04-04');
insert into airport (airport_id, airport_name, country, statee, city, created_at, updated_at) values (77, 'Huehuetenango Airport', 'Colombia', null, 'Puerto Berrío', '2024-09-21', '2024-01-05');
insert into airport (airport_id, airport_name, country, statee, city, created_at, updated_at) values (78, 'Burgos Airport', 'Indonesia', null, 'Krajan Kidul Rojopolo', '2023-10-13', '2024-05-05');
insert into airport (airport_id, airport_name, country, statee, city, created_at, updated_at) values (79, 'Doris Lake', 'Philippines', null, 'Matayumtayum', '2024-05-10', '2024-07-22');
insert into airport (airport_id, airport_name, country, statee, city, created_at, updated_at) values (80, 'St. Anthony Airport', 'Yemen', null, 'Al Khāniq', '2024-06-10', '2023-11-21');
insert into airport (airport_id, airport_name, country, statee, city, created_at, updated_at) values (81, 'Pattani Airport', 'Saudi Arabia', null, 'Al Jumūm', '2024-02-11', '2023-10-12');
insert into airport (airport_id, airport_name, country, statee, city, created_at, updated_at) values (82, 'Meekatharra Airport', 'Russia', null, 'Kurchaloy', '2024-07-09', '2024-09-22');
insert into airport (airport_id, airport_name, country, statee, city, created_at, updated_at) values (83, 'Penong Airport', 'China', null, 'Nanjing', '2024-05-09', '2024-02-23');
insert into airport (airport_id, airport_name, country, statee, city, created_at, updated_at) values (84, 'Melchor de Mencos Airport', 'Latvia', null, 'Cesvaine', '2024-03-21', '2024-03-30');
insert into airport (airport_id, airport_name, country, statee, city, created_at, updated_at) values (85, 'Mc Guire Air Force Base', 'Liberia', null, 'Greenville', '2024-07-04', '2024-04-21');
insert into airport (airport_id, airport_name, country, statee, city, created_at, updated_at) values (86, 'Thief River Falls Regional Airport', 'Egypt', null, 'Manfalūţ', '2024-08-08', '2024-07-24');
insert into airport (airport_id, airport_name, country, statee, city, created_at, updated_at) values (87, 'Rupsi India Airport', 'Poland', null, 'Paradyż', '2024-08-19', '2024-07-04');
insert into airport (airport_id, airport_name, country, statee, city, created_at, updated_at) values (88, 'Quad City International Airport', 'China', null, 'Zengjia', '2024-03-30', '2024-07-30');
insert into airport (airport_id, airport_name, country, statee, city, created_at, updated_at) values (89, 'Darnley Island Airport', 'Norway', 'Oslo', 'Oslo', '2024-01-31', '2024-06-22');
insert into airport (airport_id, airport_name, country, statee, city, created_at, updated_at) values (90, 'Kuressaare Airport', 'China', null, 'Zhongping', '2024-04-13', '2024-06-22');
insert into airport (airport_id, airport_name, country, statee, city, created_at, updated_at) values (91, 'Findlay Airport', 'Russia', null, 'Poykovskiy', '2024-09-09', '2024-07-08');
insert into airport (airport_id, airport_name, country, statee, city, created_at, updated_at) values (92, 'Osmanabad Airport', 'China', null, 'Shangsha', '2024-08-09', '2024-01-19');
insert into airport (airport_id, airport_name, country, statee, city, created_at, updated_at) values (93, 'Reykjahlíð Airport', 'Poland', null, 'Sławatycze', '2024-04-01', '2023-10-28');
insert into airport (airport_id, airport_name, country, statee, city, created_at, updated_at) values (94, 'Zaranj Airport', 'Portugal', 'Porto', 'Pedroso', '2024-08-01', '2023-11-23');
insert into airport (airport_id, airport_name, country, statee, city, created_at, updated_at) values (95, 'Detroit Metropolitan Wayne County Airport', 'Belarus', null, 'Kastsyukowka', '2024-07-31', '2024-07-08');
insert into airport (airport_id, airport_name, country, statee, city, created_at, updated_at) values (96, 'Curtis Field', 'Indonesia', null, 'Pasararba', '2024-07-19', '2024-01-02');
insert into airport (airport_id, airport_name, country, statee, city, created_at, updated_at) values (97, 'Aguni Airport', 'Indonesia', null, 'Cikaras', '2024-02-22', '2024-06-08');
insert into airport (airport_id, airport_name, country, statee, city, created_at, updated_at) values (98, 'New York Skyports Inc Seaplane Base', 'Czech Republic', null, 'Litvínov', '2024-06-02', '2024-05-01');
insert into airport (airport_id, airport_name, country, statee, city, created_at, updated_at) values (99, 'North of Sixty Airport', 'Indonesia', null, 'Kalate', '2023-11-22', '2024-09-23');
insert into airport (airport_id, airport_name, country, statee, city, created_at, updated_at) values (100, 'Sibisa Airport', 'China', null, 'Dayuan', '2023-12-28', '2023-12-13');

--Сначала добавляю значение KazAir
insert into airline(airline_name, airline_country) values ('KazAir', 'Kazakhstan');

update airline
set airline_name = 'Turkey'
where airline_name = 'KazAir';

insert into airline(airline_name) values ('SIT'); --Added airline 'SIT' cause there wasn't SIT airline
update airline
set airline_name = null
where airline_name = 'SIT';

INSERT INTO airline(airline_name, airline_country)
values ('AirEasy', 'France'),
       ('FlyHigh', 'Brazil'),
       ('FlyFly', 'Poland');

    --Сначала заполняю значение столбцов
insert into flight (sch_departure_time, sch_arrival_time, departing_airport_id, arriving_airport_id, departing_gate, arriving_gate, airline_id, act_departure_time, act_arrival_time, created_at, updated_at) values ('2024-06-27', '2024-04-22', 37, 75, '0', 'VSF', 1, '2024-08-10', '2024-06-13', '2024-01-29', '2024-06-04');
insert into flight (sch_departure_time, sch_arrival_time, departing_airport_id, arriving_airport_id, departing_gate, arriving_gate, airline_id, act_departure_time, act_arrival_time, created_at, updated_at) values ('2024-02-10', '2023-12-27', 20, 34, 'BJV', 'AND', 2, '2024-04-09', '2023-11-17', '2024-08-29', '2024-08-16');
insert into flight (sch_departure_time, sch_arrival_time, departing_airport_id, arriving_airport_id, departing_gate, arriving_gate, airline_id, act_departure_time, act_arrival_time, created_at, updated_at) values ('2024-02-13', '2024-09-11', 27, 96, 'SIO', 'KVA', 3, '2024-02-26', '2024-02-08', '2024-09-05', '2024-09-24');
insert into flight (sch_departure_time, sch_arrival_time, departing_airport_id, arriving_airport_id, departing_gate, arriving_gate, airline_id, act_departure_time, act_arrival_time, created_at, updated_at) values ('2024-04-30', '2024-07-24', 77, 92, 'ABT', 'CZL', 4, '2024-09-16', '2023-10-10', '2024-08-27', '2024-04-01');
insert into flight (sch_departure_time, sch_arrival_time, departing_airport_id, arriving_airport_id, departing_gate, arriving_gate, airline_id, act_departure_time, act_arrival_time, created_at, updated_at) values ('2024-01-13', '2024-05-10', 45, 7, 'RUD', 'ABO', 5, '2023-10-09', '2024-06-19', '2023-11-27', '2024-01-23');

delete from flight
where extract(year from sch_arrival_time) = '2024';

update booking
set ticket_price = ticket_price * 1.10;

delete from booking
where ticket_price  < 1000;